Score,Keyphrases
81.5203423500061,java string program language java language
81.16078314185143,java string realobjects pointer memory java string
77.75656425952911,push equivalent java code java code
67.40110790729523,java program portable secure robust structure java
66.74524992704391,button init second button java basicsjava basic jgurucom
66.02707660198212,string string literal java string constant length content variablelength string usestringbuffer objectsstrings
63.304295122623444,java language java codeint foo
58.845409631729126,proper java statement java
57.02046066522598,java source file machineindependent byte code byte code
56.707480907440186,operator example java basicsjava basic jgurucom
52.18082079291344,comment declaration expression statement garbage collection java semanticsportabilityjava program portable
52.0071405172348,thisthe current objectsuperthe superclass view objectgeneral expressionsitemexamples description java basicsjava basic jgurucom
51.02474534511566,javadoc program generatedocumentation source code example class blah blah blah class blah
50.29290437698364,potential memory leakage problemsbecause garbage collectioneach java primitive type equivalent
50.06100994348526,java runtime system beginwith class file trivialapplicationclass
49.86214604973793,true pointer java language pointer type address arithmetic javavariables
49.32162022590637,avoid crashesduring program execution including pointer arithmetic java jgurucom
49.30384686589241,version static final string owner terence java jgurucom
48.69792723655701,element java basicsjava basic jgurucom
48.2885682284832,byte code java runtime system compile source
47.98326313495636,systemoutprintln getparameter java basicsjava basic jgurucom
47.98306983709335,suspend animation java basicsjava basic jgurucom
47.31995868682861,true java basicsjava basic jgurucom
46.194745779037476,depotmainsrcedumodulesjavabasicsjavabasicsmml java basicsjava basic jgurucom
45.69127368927002,java basicsjava basic jgurucom
45.69127368927002,java basicsjava basic jgurucom
45.69127368927002,java basicsjava basic jgurucom
44.038565278053284,display string java jgurucom
43.830048590898514,reservedare library java class library
43.50444507598877,pointer data memory java
42.095604568719864,example java compilation executionsequence source file
40.1715829372406,leaked memoryin java language memory leak issue
39.37766742706299,java source code
38.79040548205376,aseparate file java runtime system
38.667142271995544,equalitytwo java primitive type equal
38.21413105726242,java language reference semantics
38.20293074846268,runningjava program executionthe java bytecode compiler
37.94211268424988,basic java variable
37.8073068857193,host call native methodsrobustnessthe java language robust
37.493701696395874,java runtime system late version netscapenavigator
37.489755630493164,java code
37.489755630493164,java code
36.84228250384331,link phase java program linking
36.79416066408157,relieving tedious errorprone java jgurucom
36.300132155418396,basic java expression
35.81592893600464,application java application
35.60674500465393,class definition byte code class
35.38977336883545,java program
35.38977336883545,java program
35.38977336883545,java program
35.135632038116455,java jgurucom
35.135632038116455,java jgurucom
35.135632038116455,java jgurucom
35.135632038116455,java jgurucom
35.135632038116455,java jgurucom
35.135632038116455,java jgurucom
35.135632038116455,java jgurucom
35.135632038116455,java jgurucom
35.08756509423256,securitythe java language secure difficult
33.69390153884888,ofcodethe java language
33.68582433462143,typesthe java language
33.68481373786926,objectoperatorsthe java language
33.55749109387398,java objectsprimitive type
33.18373107910156,java language
31.994702100753784,java application
31.163079261779785,example class data public
31.091810703277588,data class data public
30.44562977552414,class example class loader search thedirectories
30.06753718852997,expr java break
30.06036877632141,foo define reference button init null button
29.408211052417755,command java trivialapplication
29.356200098991394,java compiler
29.31844699382782,employee arraysint java
29.07021063566208,java semantics
29.04691368341446,java time
28.685353755950928,instantiate java
28.67528885602951,multidimensional java
28.649716079235077,fromall java
28.634453296661377,java semanticswe
28.594722032546997,java methodcauses
26.467950880527496,file amethod signature public static void main string
26.225173979997635,wide web yourbrowser window import javaappletapplet import javaawtgraphics public class trivialapplet
25.92160853743553,clone class data implement cloneable public
24.625364392995834,compilerfor example string length string
24.24231243133545,class definition class
23.435172080993652,style comment normal code commentary reserve cstyle comment commenting
22.431524336338043,second public static void main string
22.422900021076202,clone data data superclone ddata data
21.416869282722473,basic deallocating memoryas consequence automatic garbage collection lack pointer javaobject
21.14910301566124,machineindependentbyte code byte code
20.686614990234375,basic class definition
20.518731385469437,import javaappletapplet public class paramtest
20.316493272781372,shallow comparison example void test data
20.31646966934204,data public data
20.31646966934204,data public data
20.31646966934204,data public data
19.462210178375244,primitive type primitive typesprimitive bit unicode bit ieee bit ieee
19.44776439666748,automatic garbage collection reduces programming effort programming error program complexity
19.3367817401886,string literal string literal
18.772798120975494,basic class trivialapplication
18.11424058675766,integrateyour program alreadyexisting portion code
18.08623695373535,code button
17.841543406248093,public class nonpublicclass
17.829351514577866,public class applettemplate
16.888034462928772,basic string literal
16.83513379096985,string primitive type
16.03592586517334,basic garbage collection bad address
15.524406492710114,public void destroy free system
15.01004734635353,class file javalanguage
14.962805271148682,document comment document comment comment
14.695950388908386,example tag parameter definition
14.389446258544922,data ddata data
14.360413491725922,code place reference
14.358963251113892,public void init systemoutprintln
13.845415234565735,address interface exceptionsjava program structurea file
13.830578029155731,thesame class library
13.741375803947449,reference availablefor garbage collection note isnt
13.709358215332031,data data
13.709358215332031,data data
13.709358215332031,data data
13.709358215332031,data data
13.709358215332031,data data
13.56965559720993,defense interpreter level pointer arithmetic garbage collection
13.558065116405487,machine javaruntime system portable program
13.461790561676025,data public
13.179330706596375,optional parameter list parameter definition form param namen
13.057416439056396,public void init
13.032216310501099,primitive type reference
13.014049172401428,dereference automaticallyspush garbage collectionan automatic garbage collector
12.933162927627563,instance class
12.743559002876282,public void paint graphic
12.743559002876282,public void paint graphic
12.712347507476807,public void start start
12.377705097198486,button pointer
12.203425705432892,space button init
12.10063236951828,simple syntax typename variablename example
12.026841640472412,operator string
11.94947299361229,struct definition button
11.74117973446846,awt class definitionsimport
11.641703426837921,button pointernull pointernull pointernull pointernull pointeryou
11.532615184783936,button init
11.417618572711945,exception handling code
11.298613250255585,class tnew
11.276184916496277,class aplications
11.251641511917114,visible class
11.059612274169922,reference example
10.801123142242432,documentation public void
10.57390433549881,file io socket hostplatform application restriction
10.3577321767807,incorrect code orviruses
10.339558243751526,button calloc
10.339558243751526,button calloc
10.339558243751526,button calloc
10.294757843017578,public void
10.250453293323517,string literal jim
10.240987718105316,youoverride default behaviorthe basic structure
10.216209292411804,methodgui component button
10.136136293411255,parameter example
10.072401881217957,basic upperleft corner gdrawstring hello
9.92837280035019,data bdata aclone bdata
9.820336699485779,parametersthe code
9.782449841499329,code task
9.777068197727203,cstyle block comment text opening closing ignored
9.554412066936493,parameter mandatory parameterscodebase alt archive align vspace hspace optional
9.440767109394073,space button
9.401588261127472,ccjava primitive type
9.30745416879654,button becausethey
9.201419472694397,button settitle
9.134942770004272,runtime system init
9.007636487483978,static final keywords constant equivalent tothe const keyword
8.950105667114258,data harm hardware hard
8.89855170249939,primitive type
8.89855170249939,primitive type
8.793093860149384,checking illegal data conversion
8.769956588745117,button
8.769956588745117,button
8.769956588745117,button
8.769956588745117,button
8.769956588745117,button
8.769956588745117,button
8.769956588745117,button
8.769956588745117,button
8.769956588745117,button
8.42341923713684,string stringvalueof
8.397707104682922,number type element
8.188554286956787,data bdata
8.188554286956787,data bdata
8.180519104003906,operator operator
8.02664166688919,flavor standalone application initial context preexisting mainwindow
8.022111475467682,terminates example whenquitting
8.002921462059021,equal data
7.835840940475464,example const
7.803245425224304,programjava program
7.706155002117157,inaccessible memory inthis state
7.658221453428268,basic basicstopics
7.608637034893036,classpath environment variable file
7.594003915786743,machine language inflexible nonportable representation
7.458745121955872,incc example
7.418859630823135,bitmap example
7.417660176753998,example port
7.320550918579102,data aequals
6.727826952934265,remains allocateduntil garbage collector
6.70725291967392,operator order high low priority
6.43277770280838,exception handling pretend notnecessarymethod parameter
6.288233160972595,language contrast
6.264302313327789,local file io socket
5.996980965137482,programmingthe major difference application
5.934609889984131,memory objectsaccessing undefined
5.868406057357788,cstyle comment
5.764970242977142,operating system hardware environmentsportability
5.551573276519775,garbage collector
5.505550712347031,reservedelement typeelement element syntax creating
5.424985259771347,type thisstatement
5.424340844154358,suffixdouble default suffixhexadecimal null
5.404872715473175,memory allocation
5.389273941516876,memory heapwould
5.369414508342743,memory arrayobject
5.305501937866211,creation instance variable
5.302372097969055,defines reference
5.281894147396088,codeappletnameclass widthw heighth parameter
5.260034918785095,trivial application print
5.198913097381592,access parameter calling appletgetparameter
5.146347105503082,zeroextend rightshift operator
5.079829156398773,comment leading
5.041323572397232,testcommentsjava comment
4.996170341968536,item primitive typevariables
4.933599889278412,operator thesame
4.898462951183319,final cleanup operation freeing systemresources
4.768999636173248,typename instanceof note precedence
4.7045683562755585,reservedthreads burden system
4.666812777519226,intexpr case intconstexpr intconstexpr forfor
4.654439091682434,reference vector
4.636320412158966,reference injava
4.548761337995529,ofc operator
4.487405717372894,primitive typesint
4.422443985939026,typename variablename declaration defines
4.410362899303436,runtime exception calledarrayindexoutofboundsexceptionaccessing
4.3438560962677,style commentsthis lead interesting observation
4.297638654708862,html img tag form
4.256057918071747,variable equal ifthey
4.065781116485596,pointer structs
4.059178709983826,perform deep comparison convention define
4.02115935087204,symbol startingclassnamemain main methodapplet executionan
3.9463456869125366,null declare
3.9463456869125366,null declare
3.8360610604286194,null employee
3.808446705341339,null valid
3.7822770476341248,windowmanager function call macapplication
3.7122833132743835,objectresults runtime nullpointerexceptioninitializersvariables
3.6328542828559875,package definition togroup
3.6202329993247986,giant dynamic library
3.6197696328163147,call expr constructorargs
3.451871871948242,unicode character literaltrue false
3.1798319816589355,table showsforms common statementsstatementexamplesifif
3.174116849899292,systemoutprintln getparameter print
3.124368369579315,variable jperforms
3.1018267273902893,usea simple appletthe
3.0066535472869873,element
3.0066535472869873,element
3.0066535472869873,element
3.00568288564682,compilation unit acompilation unit
2.89362496137619,codeappletnameclass param param
2.818308472633362,loadable library
2.786849617958069,leaf detail compiler implementor
2.7746514081954956,forget call
2.6901177763938904,namelistqualifiedidintegermaxvalue objmember npackageclass packageobjid
2.689379930496216,import javaappletapplet
2.664742350578308,start animation
2.610771358013153,push dereference access
2.573359966278076,statementsjava statement
2.5693283677101135,version software
2.5331273674964905,forexample output trivialapplet
2.508197456598282,byte float
2.4488011598587036,paint graphic
2.4434151649475098,heapthe equivalent
2.400205373764038,simple applicationconsider
2.336335778236389,cstatic final
2.309019446372986,broad market internet
2.293426215648651,checking jumping bad
2.185894191265106,style singleline
2.1578218936920166,instance
2.1443042159080505,true objectsbutton
2.115689516067505,wide web
2.1090720295906067,htmlapplet interfacethe html
2.1090129613876343,text opening
2.0545961260795593,gui inthis
2.0509122610092163,display hello
2.012482166290283,destroy destroy
2.002382755279541,datatype size andformats
1.9470887780189514,codeint foo
1.9353678226470947,ignore message
1.8461800515651703,abc length
1.8163335919380188,ccconstant expressionsitemexamples
1.789865493774414,contrast youmust
1.6756232976913452,defines integerint
1.6522892713546753,combination cstylecomments
1.6029613614082336,state behavior
1.5989757776260376,standard output
1.5963541269302368,life ifyou
1.5817474126815796,level applies
1.463244616985321,statdowhiledo stats
1.4181923270225525,tothe specific
1.4162324368953705,illustrate thedifference
1.397983431816101,fill appropriate
1.3158795833587646,lifecycle messagesfrom
1.3000500202178955,char literala
1.2475290298461914,test
1.202949047088623,acollection dlls
1.2018771171569824,constructor calledonce
1.1834307312965393,invalid stale
1.1717893481254578,copyassignment objectsassignment
1.1083269715309143,drawing area
1.1034743189811707,square bracketsto
1.038076639175415,false
1.015901267528534,draw thing
1.00409397482872,equivalentcode fragment
0.9841298460960388,accompanying figure
0.9352623224258423,feature
0.9352623224258423,feature
0.8854237198829651,addition
0.8854237198829651,addition
0.8430044054985046,statwhilewhile
0.823411226272583,frameremoves
0.7928414940834045,bring
0.7779688835144043,bar
0.7753403186798096,argument
0.7753403186798096,argument
0.6714829206466675,attemptingto
0.6599287986755371,ints
0.6599287986755371,ints
0.6200745105743408,execute
0.6136218905448914,respond
0.6123598217964172,orin
0.6023287177085876,complete
0.5830069184303284,referring
0.5823532342910767,ack
0.5763535499572754,javacompatible
0.5712583661079407,callocmalloc
0.5660567879676819,painting
0.556505024433136,iconifyyour
0.5524100661277771,computer
0.5508340001106262,body
0.5501365661621094,lifecyclemethodsthe
0.5453806519508362,itsstill
0.5377873778343201,notpresent
0.5345116853713989,fiveelement
0.5290215015411377,member
0.5276551246643066,callclassmethod
0.5251085162162781,making
0.522066056728363,tostring
0.5210822224617004,demand
0.5210371017456055,functionwould
0.5192233920097351,multiple
0.517537534236908,integerparseint
0.5151418447494507,ten
0.5139402151107788,codebutton
0.5138610005378723,assignment
0.5108031630516052,valuesarguments
0.5102017521858215,tosubclass
0.5091326236724854,buttonobject
0.5087732672691345,toconvert
0.5074895620346069,alljava
0.5056508779525757,stackstoring
0.5020864605903625,intsvector
0.5013580322265625,objectsin
0.5012171864509583,notice
0.498434454202652,constantsvariables
0.49791619181632996,methodshould
0.49516624212265015,calledequals
0.495078980922699,deiconify
0.49272024631500244,onetwo
0.48858532309532166,namelistobjmethod
0.4875025749206543,diagram
0.4836980104446411,copysemantics
0.47956475615501404,programinstantiates
0.47706329822540283,inccgeneric
0.47545909881591797,reservedruntimethe
0.47427862882614136,reservedsettitle
0.47324028611183167,intsnew
0.47262483835220337,tobe
0.469555139541626,efficient
0.45634329319000244,onany
0.4523560702800751,allocatesmemory
0.45202767848968506,reservedsemantics
0.4355063736438751,buttonsa
