Score,KeyWord
28.173475,java
10.775341,class
9.31628,code
8.769957,button
7.936582,string
7.2196436,basic
7.216298,program
6.962157,jgurucom
6.9259477,example
6.854679,data
6.6071115,public
5.010256,language
4.927319,type
4.868542,memory
4.5440993,comment
4.296519,garbage
4.1336646,reference
4.0902596,operator
3.9712327,primitive
3.8212268,application
3.762928,file
3.6876464,void
3.6837065,system
3.6077485,pointer
3.335998,basicsjava
3.2307546,null
3.2101886,parameter
3.0066535,element
2.7626586,init
2.6916304,definition
2.6885777,runtime
2.5489938,variable
2.3614266,collection
2.2118967,library
2.157822,instance
2.0593982,statement
2.0542154,call
2.0481522,byte
1.9381578,equivalent
1.9044119,main
1.8879118,source
1.882144,version
1.8803065,note
1.8681837,tag
1.8491262,simple
1.8081853,final
1.7318088,literal
1.628685,true
1.5733362,style
1.5696017,calloc
1.544368,static
1.4813833,import
1.4559475,animation
1.4375937,typename
1.3596344,length
1.3338752,bdata
1.3243067,cstyle
1.3015468,systemoutprintln
1.291938,automatic
1.2814484,inthis
1.2779773,contrast
1.2727109,graphic
1.2641072,address
1.2550545,collector
1.2531803,portable
1.247529,test
1.2184346,exception
1.2164369,expressionsitemexamples
1.2087948,start
1.2079966,javaappletapplet
1.2016035,foo
1.1917742,define
1.1846371,message
1.1827248,compiler
1.1760902,paint
1.1687075,defines
1.1663917,arithmetic
1.1482424,equal
1.1468502,bit
1.1267524,unicode
1.0845611,hello
1.0790447,cstylecomments
1.0641998,opening
1.0598409,optional
1.0597651,wide
1.0559244,web
1.0448132,text
1.0410081,intconstexpr
1.0395874,output
1.0395719,default
1.0380766,false
1.0339588,comparison
1.0195583,expr
1.0106701,state
1.0062411,destroy
0.9981604,level
0.9957982,param
0.99044263,getparameter
0.990036,hardware
0.985728,socket
0.9824315,instanceof
0.96635115,display
0.9646826,size
0.96201676,syntax
0.96062964,form
0.9581959,programming
0.9518762,io
0.9352623,feature
0.93152833,component
0.9307868,trivialapplet
0.925948,variablename
0.9198034,illustrate
0.91723853,intexpr
0.91311854,access
0.9104685,place
0.9098933,const
0.90804094,tothe
0.9070133,expression
0.9020286,codeappletnameclass
0.8993898,html
0.89673537,semantics
0.89422965,bad
0.8920967,statementsstatementexamplesifif
0.89085835,machine
0.8901948,declaration
0.8874917,secure
0.8854237,addition
0.8847733,checking
0.88290364,handling
0.8821274,print
0.87918884,constant
0.87847704,forfor
0.8745036,break
0.8734384,time
0.8671533,robust
0.86184454,compilation
0.8587576,dereference
0.8455209,common
0.84334034,thesame
0.8430044,statwhilewhile
0.8388952,push
0.8358486,suspend
0.8314733,systemresources
0.830034,structure
0.8234112,frameremoves
0.81986463,archive
0.8141701,freeing
0.81250614,align
0.8110285,mainwindow
0.80837613,life
0.8082102,superclass
0.80361265,unit
0.79987437,preexisting
0.79808706,alt
0.7941224,objectsuperthe
0.7930483,programmingthe
0.7928415,bring
0.789081,case
0.787978,ifyou
0.7874703,view
0.78373134,market
0.7811994,internet
0.7793041,statdowhiledo
0.7783361,blah
0.7779689,bar
0.7778135,trivialapplication
0.7753403,argument
0.77314776,gui
0.7696132,vspace
0.765913,showsforms
0.7572674,operation
0.75140446,second
0.75073075,ignore
0.7497445,ieee
0.7457103,context
0.74548525,codeint
0.7440887,broad
0.74249005,current
0.7405142,objectgeneral
0.7376561,parameterscodebase
0.735637,giant
0.7349906,appropriate
0.73452723,major
0.720436,forget
0.7155911,declare
0.71396387,clone
0.71326345,interesting
0.712897,lead
0.7117339,objmember
0.7044704,namelistqualifiedidintegermaxvalue
0.7036985,thedirectories
0.6994711,hspace
0.6873668,cleanup
0.6871844,software
0.68394053,stats
0.6808223,initial
0.68008804,ddata
0.67909795,classpath
0.6782914,low
0.6780583,commentsthis
0.67630136,table
0.674107,npackageclass
0.67269933,dynamic
0.6714829,attemptingto
0.6708105,space
0.6689092,high
0.6673452,search
0.6663011,observation
0.66525364,document
0.66447884,literala
0.66299284,fill
0.6599288,ints
0.6589702,lifecycle
0.65787524,thisthe
0.6569094,messagesfrom
0.65165776,character
0.6481786,difference
0.64718425,mandatory
0.6423063,priority
0.64170307,usea
0.64135593,effort
0.6393105,ignored
0.6373028,deep
0.6355712,char
0.6353851,literaltrue
0.6302037,closing
0.62748647,order
0.6266758,perform
0.6257424,gdrawstring
0.6201498,youoverride
0.6200745,execute
0.61907595,runningjava
0.61761725,environment
0.6157063,calledonce
0.6136219,respond
0.61294013,dlls
0.61255795,singleline
0.6123598,orin
0.61099744,appletthe
0.6064118,loadable
0.6060274,interfacethe
0.60530645,employee
0.6036548,htmlapplet
0.6023287,complete
0.602036,remains
0.6013309,suffixdouble
0.6012825,corner
0.5998967,ccconstant
0.5998065,packageobjid
0.5989081,function
0.5986862,creation
0.59812593,error
0.5979563,loader
0.5968454,invalid
0.5964148,copyassignment
0.5922913,behavior
0.59167755,yourbrowser
0.59086865,isnt
0.5905025,standalone
0.5900089,acollection
0.5869473,programjava
0.58658534,stale
0.5861708,constructor
0.58509547,widthw
0.5847323,host
0.58458143,heighth
0.5843564,pointernull
0.583587,applies
0.5830069,referring
0.58235323,ack
0.5820624,jim
0.5799245,native
0.5789091,environmentsportability
0.5776921,valid
0.57747686,flavor
0.57635355,javacompatible
0.57619816,nonportable
0.57590735,defense
0.57537454,objectsassignment
0.57537454,jperforms
0.5742177,allocateduntil
0.5732446,combination
0.57125837,callocmalloc
0.5705979,reduces
0.57012236,windowmanager
0.56946707,convention
0.5694355,img
0.5687476,description
0.5686158,crashesduring
0.5667323,shallow
0.5665384,tedious
0.5661979,notnecessarymethod
0.5660568,painting
0.56414366,hard
0.56395143,window
0.56377006,local
0.5635022,interpreter
0.5628933,avoid
0.5627532,forexample
0.56102127,square
0.56097287,memoryas
0.56037915,whenquitting
0.56002176,consequence
0.5593884,standard
0.5592068,inflexible
0.55920595,relieving
0.5590311,macapplication
0.55882174,ifthey
0.55839396,area
0.5574848,representation
0.5566807,trivial
0.556505,iconifyyour
0.55511135,complexity
0.555053,pretend
0.5537368,detail
0.55276114,leaked
0.5526835,suffixhexadecimal
0.55241007,computer
0.55170923,exceptionsjava
0.55107915,applicationconsider
0.550834,body
0.5506782,hostplatform
0.55013657,lifecyclemethodsthe
0.55005985,leakage
0.549933,drawing
0.5469134,interface
0.5459959,constructorargs
0.545645,conversion
0.5454944,inaccessible
0.54538065,itsstill
0.54457796,execution
0.54325795,problemsbecause
0.54320425,creating
0.5424687,calling
0.54245305,bracketsto
0.5419622,commentary
0.5416355,startingclassnamemain
0.54155564,rightshift
0.5412469,harm
0.5411723,upperleft
0.5406889,variablelength
0.54007,reserve
0.5400504,objectsaccessing
0.53970104,free
0.5396653,arraysint
0.53933454,alreadyexisting
0.5386618,leaf
0.5383712,usestringbuffer
0.53802043,methodapplet
0.5377874,notpresent
0.5375503,methodsrobustnessthe
0.5374976,becausethey
0.5369332,incorrect
0.53661305,acompilation
0.53641295,equivalentcode
0.5363305,allocation
0.5361455,netscapenavigator
0.53578466,terminates
0.5357298,leading
0.53541917,potential
0.5345117,fiveelement
0.5343211,pointeryou
0.5337439,content
0.5331372,appletgetparameter
0.53279746,incc
0.5327843,errorprone
0.53158844,behaviorthe
0.53088397,difficult
0.530135,block
0.52991223,burden
0.5296528,late
0.5290215,member
0.52868956,memoryin
0.5283465,portion
0.52815044,cstatic
0.5276551,callclassmethod
0.5276056,list
0.52706224,commenting
0.5260173,undefined
0.5256338,typesprimitive
0.5253793,typevariables
0.5251085,making
0.52395564,normal
0.523837,objectsstrings
0.5237002,andformats
0.52344877,namen
0.5234003,issue
0.5232722,tnew
0.52206606,tostring
0.52139586,executionthe
0.5213451,amethod
0.5210822,demand
0.5210371,functionwould
0.5207745,vector
0.52073175,heapwould
0.5204408,deallocating
0.5204241,symbol
0.5194628,including
0.5192234,multiple
0.51753753,integerparseint
0.517206,javadoc
0.51666737,executionan
0.51617306,typesint
0.5156192,objectsbutton
0.5155147,draw
0.51514184,ten
0.5147244,methodgui
0.5145319,zeroextend
0.51445866,leak
0.51442325,jumping
0.5140219,javaruntime
0.514,datatype
0.5139811,integrateyour
0.5139618,statementsjava
0.5139402,codebutton
0.513861,assignment
0.5135228,objectresults
0.5123186,operating
0.51224244,keywords
0.51188815,youmust
0.5118785,instantiate
0.5117262,implementor
0.51080316,valuesarguments
0.5106194,typeelement
0.51020175,tosubclass
0.51018286,nullpointerexceptioninitializersvariables
0.51017046,ofcodethe
0.5101514,specific
0.509647,collectionan
0.5091326,buttonobject
0.50877327,toconvert
0.50799644,illegal
0.50755984,keyword
0.50748956,alljava
0.5074187,owner
0.5072348,javaobject
0.5069158,integerint
0.5063653,documentation
0.50592893,package
0.5056509,stackstoring
0.5056145,automaticallyspush
0.50525737,heapthe
0.5045186,orviruses
0.50405633,parametersthe
0.5035579,signature
0.5034721,depotmainsrcedumodulesjavabasicsjavabasicsmml
0.5034593,structurea
0.5033507,calledarrayindexoutofboundsexceptionaccessing
0.50303656,ccjava
0.5026558,injava
0.50209326,typesthe
0.50208646,intsvector
0.5018136,multidimensional
0.50146705,restriction
0.50135803,objectsin
0.5012172,notice
0.50108266,objectoperatorsthe
0.5008723,arrayobject
0.5008439,aplications
0.50056386,figure
0.5003866,thing
0.4995584,item
0.4994415,phase
0.49843445,constantsvariables
0.4979162,methodshould
0.4976662,thisstatement
0.49722424,testcommentsjava
0.4970749,generatedocumentation
0.4967801,trivialapplicationclass
0.4965471,link
0.49642906,thedifference
0.49516624,calledequals
0.49507898,deiconify
0.49298605,awt
0.49291196,bitmap
0.49272025,onetwo
0.4917125,port
0.4909496,reservedthreads
0.49092358,lack
0.49046442,compile
0.48996073,bytecode
0.4895167,terence
0.48892164,collectioneach
0.48858532,namelistobjmethod
0.48788604,struct
0.48750257,diagram
0.48694628,implement
0.48683715,stringvalueof
0.48654565,abc
0.48545834,securitythe
0.483698,copysemantics
0.4835668,cloneable
0.483566,accompanying
0.4834973,executionsequence
0.48305675,reservedelement
0.48171803,aseparate
0.48020136,beginwith
0.47956476,programinstantiates
0.4792162,semanticsportabilityjava
0.47859067,availablefor
0.4770633,inccgeneric
0.47641495,javavariables
0.47630048,visible
0.4762408,fromall
0.4754591,reservedruntimethe
0.47427863,reservedsettitle
0.4732403,intsnew
0.47285265,definitionsimport
0.47262484,tobe
0.4717783,javalanguage
0.46985295,javaawtgraphics
0.46955514,efficient
0.46866798,precedence
0.46839008,machineindependentbyte
0.46768102,fragment
0.46728045,machineindependent
0.46661815,compilerfor
0.46616948,task
0.4658718,aequals
0.4648108,superclone
0.46437773,realobjects
0.4637345,number
0.46097803,semanticswe
0.46004525,float
0.45909092,nonpublicclass
0.4585018,ofc
0.4580326,structs
0.45743898,reservedare
0.4569223,command
0.45669678,objectsprimitive
0.45652053,linking
0.4563433,onany
0.45235607,allocatesmemory
0.45202768,reservedsemantics
0.44689903,applettemplate
0.44689897,paramtest
0.44687295,equalitytwo
0.43906093,proper
0.43857786,basicstopics
0.43550637,buttonsa
0.435295,togroup
0.43146288,settitle
0.42124677,methodcauses
0.40594333,aclone
0.15,blank
